{
  "hash": "804d2040",
  "configHash": "a6e91356",
  "lockfileHash": "3a1c4b54",
  "browserHash": "aae40f92",
  "optimized": {
    "@angular/common": {
      "src": "../../../../../node_modules/@angular/common/fesm2022/common.mjs",
      "file": "@angular_common.js",
      "fileHash": "b30116dc",
      "needsInterop": false
    },
    "@angular/common/http": {
      "src": "../../../../../node_modules/@angular/common/fesm2022/http.mjs",
      "file": "@angular_common_http.js",
      "fileHash": "82d1d566",
      "needsInterop": false
    },
    "@angular/core": {
      "src": "../../../../../node_modules/@angular/core/fesm2022/core.mjs",
      "file": "@angular_core.js",
      "fileHash": "abdfe0b5",
      "needsInterop": false
    },
    "@angular/forms": {
      "src": "../../../../../node_modules/@angular/forms/fesm2022/forms.mjs",
      "file": "@angular_forms.js",
      "fileHash": "556820da",
      "needsInterop": false
    },
    "@angular/platform-browser": {
      "src": "../../../../../node_modules/@angular/platform-browser/fesm2022/platform-browser.mjs",
      "file": "@angular_platform-browser.js",
      "fileHash": "25697d2e",
      "needsInterop": false
    },
    "@angular/router": {
      "src": "../../../../../node_modules/@angular/router/fesm2022/router.mjs",
      "file": "@angular_router.js",
      "fileHash": "73fa0dd8",
      "needsInterop": false
    }
  },
  "chunks": {
    "chunk-YSPTTWBN": {
      "file": "chunk-YSPTTWBN.js"
    },
    "chunk-H4XFGP3N": {
      "file": "chunk-H4XFGP3N.js"
    },
    "chunk-ZQGI3ZYG": {
      "file": "chunk-ZQGI3ZYG.js"
    },
    "chunk-6DT2DWOU": {
      "file": "chunk-6DT2DWOU.js"
    }
  }
}